"	中文国家名称","	英文国家名称","	国际二字码","	国家三字码"
津巴布韦,ZIMBABWE,ZW,ZWE
赞比亚,ZAMBIA,ZM,ZMB
扎伊尔,ZAIRE,ZR,
南斯拉夫,YUGOSLAVIA,JU,
也门阿拉伯共合国,YEMEN， REPUBLIC OF,YE,YEM
西萨摩亚,WESTERN SAMOA,WS,WSM
西撒哈拉,WESTERN SAHARA,EH,ESH
瓦利斯群岛和富图纳群岛,WALLIS AND FUTUNA ISLANDS,WF,WLF
美属维尔京群岛,VIRGIN ISLAND (US),VI,VIR
英属维尔京群岛,VIRGIN ISLAND (GB),VG,VGB
越南,VIETNAM,VN,VNM
委内瑞拉,VENEZUELA,VE,VEN
梵蒂冈,VATICAN CITY,VA,VAT
瓦努阿图,VANUATU,VU,VUT
乌兹别克斯坦,UZBEKISTAN,UZ,UZB
乌拉圭,URUGUAY,UY,URY
美国本土外小岛屿,UNITED STATES MINOR OUTLYING ISLANDS,UM,UMI
美国,UNITED STATES OF AMERICA,US,USA
英国,UNITED KINGDOM,GB,GBR
阿拉伯联合酋长国,UNITED ARAB EMIRATES,AE,ARE
乌克兰,UKRAINE,UA,UKR
乌干达,UGANDA,UG,UGA
图瓦卢,TUVALU,TV,TUV
特克斯和凯科斯群岛,TURKS AND CAICOS ISLANDS,TC,TCA
土库曼斯坦,TURKMENISTAN,TM,TKM
土耳其,TURKEY,TR,TUR
突尼斯,TUNISIA,TN,TUN
特里斯坦,TRISTAN DA CUNBA,TA,
特立尼达和多巴哥,TRINIDAD AND TOBAGO,TT,TTO
汤加,TONGA,TO,TON
托克劳,TOKELAU,TK,TKL
多哥,TOGO,TG,TGO
泰国,THAILAND,TH,THA
坦桑尼亚,TANZANIA,TZ,TZA
塔吉克斯坦,TAJIKISTAN,TJ,TJK
台湾,TAIWAN,TW,TWN
叙利亚,SYRIA,SY,SYR
瑞士,SWITZERLAND,CH,CHE
瑞典,SWEDEN,SE,SWE
斯威士兰,SWAZILAND,SZ,SWZ
斯瓦尔巴岛和扬马延岛,SVALBARD AND JAN MAYEN,SJ,SJM
苏里南,SURINAME,SR,SUR
苏丹,SUDAN,SD,SDN
圣马腾岛,ST. MAARTEN,XM,
圣卢西亚岛,ST. LUCIA,LC,LCA
圣尤斯塔提马斯岛,ST. EUSTATIUS,XE,
圣巴特勒米岛,ST. BARTHELEMY,XY,
圣赫勒拿岛,ST HELENA,SH,SHN
斯里兰卡,SRI LANKA,LK,LKA
北非西班牙属土,SPANISH TERRITORIES OF N.AFRICA,XG,
西班牙,SPAIN,ES,ESP
南苏丹共和国,SOUTH SUDAN,SS,SSD
韩国,SOUTH KOREA,KR,KOR
南乔治亚岛和南桑威奇群岛,SOUTH GEORGIA AND THE SOUTH SANDWICH ISL,GS,SGS
南非,SOUTH AFRICA,ZA,ZAF
索马里共和国,SOMALILAND,XS,
索马里,SOMALIA,SO,SOM
所罗门群岛,SOLOMON ISLANDS,SB,SLB
斯洛文尼亚,SLOVENIA,SI,SVN
斯洛伐克共和国,SLOVAKIA REPUBLIC,SK,SVK
新加坡,SINGAPORE,SG,SGP
塞拉里昂,SIERRA LEONE,SL,SLE
塞舌尔,SEYCHELLES,SC,SYC
塞尔维亚共和国,SERBIA， REPUBLIC OF,RS,SRB
塞内加尔,SENEGAL,SN,SEN
沙特阿拉伯,SAUDI ARABIA,SA,SAU
圣多美和普林西比,SAO TOME AND PRINCIPE,ST,STP
圣马力诺,SAN MARINO,SM,SMR
北马里亚纳群岛,NORTHERN MARIANA ISLANDS,MP,MNP
圣文森特和格林纳丁斯岛,SAINT VINCENT AND THE GRENADINES,VC,VCT
圣皮埃尔和密克隆群岛,SAINT PIERRE AND MIQUELON,PM,SPM
圣基茨,SAINT KITTS,KN,KNA
卢旺达,RWANDA,RW,RWA
俄罗斯,RUSSIA,RU,RUS
罗马尼亚,ROMANIA,RO,ROU
留尼汪岛,REUNION ISLAND,RE,REU
卡塔尔,QATAR,QA,QAT
波多黎各,PUERTO RICO,PR,PRI
葡萄牙,PORTUGAL,PT,PRT
波兰,POLAND,PL,POL
皮特凯恩群岛,PITCAIRN ISLANDS,PN,PCN
菲律宾,PHILIPPINES,PH,PHL
秘鲁,PERU,PE,PER
巴拉圭,PARAGUAY,PY,PRY
巴布亚新几内亚,PAPUA NEW GUINEA,PG,PNG
巴拿马,PANAMA,PA,PAN
帕劳,PALAU,PW,PLW
巴基斯坦,PAKISTAN,PK,PAK
阿曼,OMAN,OM,OMN
挪威,NORWAY,NO,NOR
朝鲜,NORTH KOREA,KP,PRK
诺克岛,NORFOLK ISLAND,NF,NFK
纽埃岛,NIUE,NU,NIU
尼日利亚,NIGERIA,NG,NGA
尼日尔,NIGER,NE,NER
尼加拉瓜,NICARAGUA,NI,NIC
新西兰,NEW ZEALAND,NZ,NZL
新喀里多尼亚,NEW CALEDONIA,DF,NCL
尼维斯岛,NEVIS,XN,
荷属安的列斯群岛,NETHERLANDS ANTILLES,AN,ANT
荷兰,NETHERLANDS,NL,NLD
尼泊尔,NEPAL,NP,NPL
瑙鲁共和国,NAURU REPUBLIC,NR,NRU
纳米比亚,NAMIBIA,NA,NAM
缅甸,MYANMAR,MM,MMR
莫桑比克,MOZAMBIQUE,MZ,MOZ
摩洛哥,MOROCCO,MA,MAR
蒙特塞拉岛,MONTSERRAT,MS,MSR
黑山共和国,MONTENEGRO,ME,MNE
蒙古,MONGOLIA,MN,MNG
摩纳哥,MONACO,MC,MCO
摩尔多瓦,MOLDOVA,MD,MDA
密克罗尼西亚,MICRONESIA,FM,FSM
墨西哥,MEXICO,MX,MEX
马约特,MAYOTTE,YT,MYT
毛里求斯,MAURITIUS,MU,MUS
毛里塔尼亚,MAURITANIA,MR,MRT
马提尼克岛,MARTINIQUE,MQ,MTQ
马绍尔群岛,MARSHALL ISLANDS,MH,MHL
马耳他,MALTA,MT,MLT
马里,MALI,ML,MLI
马尔代夫,MALDIVES,MV,MDV
马来西亚,MALAYSIA,MY,MYS
马拉维,MALAWI,MW,MWI
马德拉岛,MADEIRA,XI,
马达加斯加,MADAGASCAR,MG,MDG
马其顿,MACEDONIA,MK,MKD
澳门,MACAU,MO,MAC
卢森堡,LUXEMBOURG,LU,LUX
立陶宛,LITHUANIA,LT,LTU
列支敦士登,LIECHTENSTEIN,LI,LIE
利比亚,LIBYA,LY,LBY
利比里亚,LIBERIA,LR,LBR
莱索托,LESOTHO,LS,LSO
黎巴嫩,LEBANON,LB,LBN
拉脱维亚,LATVIA,LV,LVA
老挝,LAOS,LA,LAO
吉尔吉斯斯坦,KYRGYZSTAN,KG,KGZ
科威特,KUWAIT,KW,KWT
科索沃,KOSOVO,KV,
基利巴斯共和国,KIRIBATI REPUBILC,KI,KIR
肯尼亚,KENYA,KE,KEN
哈萨克斯坦,KAZAKHSTAN,KZ,KAZ
约旦,JORDAN,JO,JOR
泽西岛(英属),JERSEY,JE,JEY
日本,JAPAN,JP,JPN
牙买加,JAMAICA,JM,JAM
意大利,ITALY,IT,ITA
以色列,ISRAEL,IL,ISR
爱尔兰,IRELAND,IE,IRL
伊拉克,IRAQ,IQ,IRQ
伊朗,IRAN (ISLAMIC REPUBLIC OF),IR,IRN
印度尼西亚,INDONESIA,ID,IDN
印度,INDIA,IN,IND
冰岛,ICELAND,IS,ISL
匈牙利,HUNGARY,HU,HUN
香港,HONG KONG,HK,HKG
洪都拉斯,HONDURAS,HN,HND
赫德岛和麦克唐纳岛,HEARD ISLAND AND MCDONALD ISLANDS,HM,HMD
海地,HAITI,HT,HTI
圭亚那,GUYANA (BRITISH),GY,GUY
几内亚比绍,GUINEA BISSAU,GW,GNB
几内亚,GUINEA,GN,GIN
根西岛,GUERNSEY,GG,GGY
危地马拉,GUATEMALA,GT,GTM
关岛,GUAM,GU,GUM
瓜德罗普,GUADELOUPE,GP,GLP
格林纳达,GRENADA,GD,GRD
格陵兰,GREENLAND,GL,GRL
希腊,GREECE,GR,GRC
直布罗陀,GIBRALTAR,GI,GIB
加纳,GHANA,GH,GHA
德国,GERMANY,DE,DEU
格鲁吉亚,GEORGIA,GE,GEO
冈比亚,GAMBIA,GM,GMB
加蓬,GABON,GA,GAB
法属南部领土,FRENCH SOUTHERN TERRITORIES,TF,ATF
塔希堤岛(法属波利尼西亚),FRENCH POLYNESIA,PF,PYF
法属圭亚那,FRENCH GUIANA,GF,GUF
法属美特罗波利坦,FRANCE， METROPOLITAN,FX,
法国,FRANCE,FR,FRA
芬兰,FINLAND,FI,FIN
斐济,FIJI,FJ,FJI
法罗群岛,FAROE ISLANDS,FO,FRO
福克兰群岛,FALKLAND ISLAND,FK,FLK
埃塞俄比亚,ETHIOPIA,ET,ETH
爱沙尼亚,ESTONIA,EE,EST
厄里特立亚,ERITREA,ER,ERI
赤道几内亚,EQUATORIAL GUINEA,GQ,GNQ
萨尔瓦多,EL SALVADOR,SV,SLV
埃及,EGYPT,EG,EGY
厄瓜多尔,ECUADOR,EC,ECU
东帝汶,EAST TIMOR,TL,TLS
多米尼加共和国,DOMINICAN REPUBLIC,DO,DOM
多米尼克,DOMINICA,DM,DMA
吉布提,DJIBOUTI,DJ,DJI
丹麦,DENMARK,DK,DNK
捷克共和国,CZECH REPUBLIC,CZ,CZE
塞浦路斯,CYPRUS,CY,CYP
库拉索岛(荷兰),CURACAO,XC,
古巴,CUBA,CU,CUB
克罗地亚,CROATIA,HR,HRV
科特迪瓦(象牙海岸),COTE D'LVOIRE(IVORY),CI,CIV
哥斯达黎加,COSTA RICA,CR,CRI
库克群岛,COOK ISLANDS,CK,COK
刚果民主共和国,CONGO REPUBLIC,CD,COD
刚果,CONGO,CG,COG
科摩罗,COMOROS,KM,COM
哥伦比亚,COLOMBIA,CO,COL
科科斯群岛,COCOS(KEELING)ISLANDS,CC,CCK
圣诞岛,CHRISTMAS ISLAND,CX,CXR
中国,CHINA,CN,CHN
智利,CHILE,CL,CHL
乍得,CHAD,TD,TCD
中非共和国,CENTRAL REPUBLIC,CF,CAF
开曼群岛,CAYMAN ISLANDS,KY,CYM
加罗林群岛,CAROLINE ISLANDS,XK,
佛得角群岛,CAPE VERDE,CV,CPV
加那利群岛,CANARY ISLANDS,IC,
加拿大,Canada,CA,CAN
喀麦隆,CAMEROON,CM,CMR
柬埔寨,CAMBODIA,KH,KHM
布隆迪,BURUNDI,BI,BDI
布基纳法索,BURKINA FASO,BF,BFA
保加利亚,BULGARIA,BG,BGR
文莱,BRUNEI,BN,BRN
英属印度洋地区(查各群岛),BRITISH INDIAN OCEAN TERRITORY,IO,IOT
巴西,BRAZIL,BR,BRA
布维岛,BOUVET ISLAND,BV,BVT
博茨瓦纳,BOTSWANA,BW,BWA
波斯尼亚-黑塞哥维那共和国,BOSNIA AND HERZEGOVINA,BA,BIH
伯奈尔岛,BONAIRE,XB,
玻利维亚,BOLIVIA,BO,BOL
不丹,BHUTAN,BT,BTN
百慕大,BERMUDA,BM,BMU
贝宁,BENIN,BJ,BEN
伯利兹,BELIZE,BZ,BLZ
比利时,BELGIUM,BE,BEL
白俄罗斯(独联体),BELARUS,BY,BLR
巴巴多斯,BARBADOS,BB,BRB
孟加拉国,BANGLADESH,BD,BGD
巴利阿里群岛,BALEARIC ISLANDS,XJ,
巴林,BAHRAIN,BH,BHR
巴哈马,BAHAMAS,BS,BHS
亚速尔群岛,AZORES,XH,
阿塞拜疆(独联体),AZERBAIJAN,AZ,AZE
奥地利,AUSTRIA,AT,AUT
澳大利亚,AUSTRALIA,AU,AUS
阿森松,ASCENSION,XD,ASC
阿鲁巴岛,ARUBA,AW,ABW
亚美尼亚,ARMENIA,AM,ARM
阿根廷,ARGENTINA,AR,ARG
安提瓜及巴布达,ANTIGUA AND BARBUDA,AG,ATG
安圭拉岛,ANGUILLA,AI,AIA
安哥拉,ANGOLA,AO,AGO
安道尔,ANDORRA,AD,AND
美属萨摩亚群岛,AMERICAN SAMOA,AS,ASM
阿尔及利亚,ALGERIA,DZ,DZA
阿尔巴尼亚,ALBANIA,AL,ALB
阿富汗,AFGHANISTAN,AF,AFG
null,null,NC,null
